Statistic,Training,Test
Count,1103.0,97.0
Mean,11.440120018995813,11.69546719031255
Median,11.365079365079364,11.730158730158731
Std Dev,1.8308873151584093,2.0335873351538702
Min,6.293650793650794,6.777777777777778
Max,17.261904761904763,16.444444444444446
Range,10.968253968253968,9.666666666666668
