Metric,Value
R2,0.9769267252935313
RMSE,0.30730328038231874
MAE,0.24492222945684483
