Metric,Mean,Std
R2,0.9699247338596908,0.0030006470501202642
RMSE,0.30857877828269153,0.005817434663430469
MAE,0.2447588813186941,0.004263111000704525
